,Accuracy,Precision,Recall,F1_macro,MCC
Decision Tree,0.7987421383647799,0.8665740097289785,0.7749120750293084,0.7777807433756295,0.6349035254789733
Isolation Forest (Unsupervised),0.6907756813417191,0.6879852301223351,0.6891784224065607,0.6883595774367152,0.377161765136805
