group,n,positive_rate,TPR,FPR
Low-Reputation-Risk,969,0.2590299277605779,0.6077481840193705,0.0
High-Reputation-Risk,939,0.2321618743343983,0.4954545454545455,0.0
